type;id;sku;name;unit;quantity;note
W;W-01;Центральний склад рослин;Київ, вул. Садова 15
W;W-02;Склад добрив та хімії;Київська обл., с. Гореничі
P;G-001;SKU-G01;Секатор садовий Pro;шт;45;Німеччина
P;G-002;SKU-G02;Ґрунт універсальний 20л;міш;120
P;G-003;SKU-G03;Саджанець яблуні 'Голден';шт;30;2 роки
P;G-004;SKU-G04;Шланг для поливу 25м;бухт;18
P;G-005;SKU-G05;Добриво осіннє гранульоване;кг;250;Склад 2
P;G-006;SKU-G06;Обприскувач акумуляторний 12л;шт;14;Гарантія 2 роки
P;G-007;SKU-G07;Агроволокно біле 50г/м2;рул;55
P;G-008;SKU-G08;Насіння газону 'Спорт' 1кг;уп;80;Свіжа партія
P;G-009;SKU-G09;Горщик керамічний 5л;шт;95
P;G-010;SKU-G10;Лопата штикова фіберглас;шт;35;Посилена
P;G-011;SKU-G11;Саджанець троянди чайно-гібридної;шт;60
P;G-012;SKU-G12;Розпилювач дощувальний круговий;шт;28;Новинка
P;G-013;SKU-G13;Тачка садова одноколісна;шт
P;G-014;;Граблі віялові металеві;шт;20
P;G-015;SKU-G15;;уп;150;Садові таблички
P;G-016;SKU-G16;Крапельна стрічка 100м;бухт;багато;Будівля А
W;W-03;;Львів, вул. Зелена 100
X;UNKNOWN-01;Тестовий запис;шт;10